Plume;20;Tenacity of the Millelith;4.451370468611849;52.36906433660998;0.0;100;4.451370468611849;52.36906433660998;ATK;311;CRIT DMG%;6.2;Energy Recharge%;24.0;HP;448;ATK%;10.5
Sands;20;Pale Flame;2.663292847503374;33.29116059379217;0.0;100;2.663292847503374;33.29116059379217;ATK%;46.6;HP;209;ATK;33;CRIT DMG%;14.0;DEF;65
Flower;20;Pale Flame;4.0191442740168375;47.28405028255103;0.0;100;4.0191442740168375;47.28405028255103;HP;4780;CRIT DMG%;13.2;ATK%;8.2;Elemental Mastery;42;DEF;39
Plume;20;Pale Flame;4.87310191058317;57.33061071274318;0.0;100;4.87310191058317;57.33061071274318;ATK;311;ATK%;14.0;CRIT Rate%;6.2;Elemental Mastery;40;DEF%;5.8
Flower;20;Tenacity of the Millelith;4.456815114709851;52.43311899658648;0.0;100;4.456815114709851;52.43311899658648;HP;4780;CRIT DMG%;6.2;ATK;31;Energy Recharge%;24.0;CRIT Rate%;3.9
Goblet;18;Wanderer's Troupe;2.6877310332687907;33.59663791585989;0.0;100;2.6877310332687907;33.59663791585989;HP%;42.7;ATK;18;CRIT DMG%;5.4;Elemental Mastery;70;HP;777
Flower;16;Tenacity of the Millelith;3.2164686887325566;42.88624918310076;0.0;100;3.2164686887325566;42.88624918310076;HP;3967;Energy Recharge%;4.5;HP%;10.5;Elemental Mastery;44;ATK%;11.1
Flower;14;Noblesse Oblige;1.141025641025641;16.3003663003663;0.0;100;1.141025641025641;16.3003663003663;HP;3561;HP%;4.1;CRIT DMG%;6.2;DEF%;21.9;Energy Recharge%;4.5
Flower;4;Viridescent Venerer;1.1659919028340082;25.910931174089068;0.0;100;1.1659919028340082;25.910931174089068;HP;1530;CRIT DMG%;5.4;ATK;18;HP%;4.7;DEF%;7.3
Sands;0;Gladiator's Finale;1.3711201079622133;39.174860227491806;0.0;100;1.3711201079622133;39.174860227491806;HP%;7.0;CRIT DMG%;7.0;DEF;23;ATK;18;DEF%;5.8
Goblet;0;Gladiator's Finale;1.4461538461538461;41.318681318681314;0.0;100;1.4461538461538461;41.318681318681314;DEF%;8.7;DEF;19;ATK%;5.8;HP%;4.7;Energy Recharge%;5.8
Sands;0;Pale Flame;0.834096109839817;27.80320366132723;0.0;100;0.834096109839817;27.80320366132723;ATK%;7.0;Elemental Mastery;19;ATK;16;DEF%;6.6
Sands;0;Pale Flame;0.42105263157894735;14.035087719298245;0.0;100;0.42105263157894735;14.035087719298245;ATK%;7.0;HP%;5.8;ATK;16;HP;299
Circlet;0;Pale Flame;0.8974358974358975;29.914529914529915;0.0;100;0.8974358974358975;29.914529914529915;CRIT DMG%;9.3;HP%;4.7;CRIT Rate%;3.5;DEF;16
Plume;0;Pale Flame;0.0;0.0;0.0;100;0.0;0.0;ATK;47;DEF%;5.1;HP%;5.3;DEF;16
Plume;0;Pale Flame;1.040133779264214;29.718107978977542;0.0;100;1.040133779264214;29.718107978977542;ATK;47;CRIT Rate%;2.7;HP;209;Elemental Mastery;16
Sands;0;Tenacity of the Millelith;1.0;28.57142857142857;0.0;100;1.0;28.57142857142857;HP%;7.0;CRIT DMG%;7.8;DEF;23;HP;269
Flower;0;Tenacity of the Millelith;1.0;28.57142857142857;0.0;100;1.0;28.57142857142857;HP;717;ATK%;5.8;DEF;16;DEF%;5.1
Circlet;0;Tenacity of the Millelith;1.9137931034482758;54.679802955665025;0.0;100;1.9137931034482758;54.679802955665025;Healing%;5.4;CRIT DMG%;7.8;DEF;16;ATK%;5.3
Plume;0;Noblesse Oblige;1.3103448275862069;37.4384236453202;0.0;100;1.3103448275862069;37.4384236453202;ATK;47;Elemental Mastery;23;ATK%;4.7;DEF%;7.3
Goblet;0;Noblesse Oblige;1.4;40.0;0.0;100;1.4;40.0;HP%;7.0;Energy Recharge%;5.2;HP;299;CRIT Rate%;3.9
Goblet;0;Noblesse Oblige;1.5;42.857142857142854;0.0;100;1.5;42.857142857142854;DEF%;8.7;CRIT DMG%;7.8;DEF;21;ATK;19
Circlet;0;Wanderer's Troupe;1.6199400299850075;53.99800099950025;0.0;100;1.6199400299850075;53.99800099950025;CRIT DMG%;9.3;ATK%;4.1;Energy Recharge%;6.5;Elemental Mastery;19
Plume;0;Wanderer's Troupe;0.41304347826086957;11.801242236024844;0.0;100;0.41304347826086957;11.801242236024844;ATK;47;HP;239;Elemental Mastery;19;HP%;5.3
Goblet;0;Wanderer's Troupe;0.45652173913043476;13.043478260869565;0.0;100;0.45652173913043476;13.043478260869565;DEF%;8.7;Elemental Mastery;21;HP;269;DEF;21
Flower;0;Gladiator's Finale;0.7478260869565218;21.366459627329192;0.0;100;0.7478260869565218;21.366459627329192;HP;717;Elemental Mastery;16;HP%;4.7;Energy Recharge%;5.2
Flower;0;Gladiator's Finale;0.9736842105263157;27.819548872180448;0.0;100;0.9736842105263157;27.819548872180448;HP;717;ATK;18;HP%;4.7;Elemental Mastery;23
Plume;0;Gladiator's Finale;0.41304347826086957;11.801242236024844;0.0;100;0.41304347826086957;11.801242236024844;ATK;47;DEF;19;Elemental Mastery;19;HP;299
Circlet;0;Maiden Beloved;1.294871794871795;36.996336996337;0.0;100;1.294871794871795;36.996336996337;Healing%;5.4;CRIT Rate%;3.1;Elemental Mastery;23;HP;209
Plume;16;Instructor;1.065217391304348;14.202898550724639;0.0;100;1.065217391304348;14.202898550724639;ATK;232;HP%;7.5;Elemental Mastery;49;DEF;19;DEF%;5.3
Circlet;16;Thundering Fury;1.5709851551956815;22.44264507422402;0.0;100;1.5709851551956815;22.44264507422402;CRIT Rate%;23.2;CRIT DMG%;4.4;ATK;14;DEF%;9.3;Energy Recharge%;8.3
Sands;16;Gladiator's Finale;1.9662618083670718;28.08945440524388;0.0;100;1.9662618083670718;28.08945440524388;ATK%;34.8;DEF;19;CRIT Rate%;5.0;HP%;4.7;ATK;26
Goblet;16;Gladiator's Finale;0.9979933110367893;14.257047300525564;0.0;100;0.9979933110367893;14.257047300525564;ATK%;34.8;DEF%;5.3;Elemental Mastery;13;Energy Recharge%;9.3;DEF;26
Plume;16;Berserker;2.9380502056663973;39.17400274221863;0.0;100;2.9380502056663973;39.17400274221863;ATK;232;Elemental Mastery;28;ATK%;8.9;HP;191;CRIT Rate%;3.1
Plume;14;The Exile;1.1371814092953523;16.245448704219317;0.0;100;1.1371814092953523;16.245448704219317;ATK;209;DEF;31;ATK%;4.2;Elemental Mastery;19;HP;454
Plume;14;Thundering Fury;1.7285395763656632;24.693422519509475;0.0;100;1.7285395763656632;24.693422519509475;ATK;209;CRIT Rate%;2.5;CRIT DMG%;5.6;HP%;7.9;Elemental Mastery;17
Circlet;14;Viridescent Venerer;1.0620782726045883;16.33966573237828;0.0;100;1.0620782726045883;16.33966573237828;CRIT DMG%;41.7;ATK;16;CRIT Rate%;2.5;HP;167;HP%;7.5
Circlet;14;Blizzard Strayer;1.3660143612404325;21.01560555754512;0.0;100;1.3660143612404325;21.01560555754512;CRIT DMG%;41.7;ATK;12;ATK%;4.2;HP%;7.5;Elemental Mastery;15
Flower;13;Gladiator's Finale;2.5885518779072005;38.3489167097363;0.0;100;2.5885518779072005;38.3489167097363;HP;3022;DEF;17;ATK%;8.9;CRIT DMG%;5.0;Elemental Mastery;19
Plume;13;Blizzard Strayer;1.4328028293545536;21.226708583030423;0.0;100;1.4328028293545536;21.226708583030423;ATK;197;CRIT Rate%;3.1;ATK%;3.7;HP;335
Circlet;10;Tenacity of the Millelith;1.704722335188681;30.994951548885112;0.0;100;1.704722335188681;30.994951548885112;CRIT Rate%;16.1;Elemental Mastery;13;ATK%;4.2;ATK;16;Energy Recharge%;3.6
Plume;10;Noblesse Oblige;1.7974358974358977;29.95726495726496;0.0;100;1.7974358974358977;29.95726495726496;ATK;161;Energy Recharge%;4.7;CRIT DMG%;6.2;CRIT Rate%;2.5
Sands;10;Viridescent Venerer;1.0863697705802968;18.106162843004945;0.0;100;1.0863697705802968;18.106162843004945;Elemental Mastery;97;CRIT DMG%;5.6;DEF;19;HP;215;ATK;14
Flower;8;The Exile;1.8518675884729698;33.670319790417636;0.0;100;1.8518675884729698;33.670319790417636;HP;2108;ATK;12;ATK%;3.3;Elemental Mastery;15;CRIT DMG%;5.0
Flower;8;Instructor;1.700009307087347;30.909260128860854;0.0;100;1.700009307087347;30.909260128860854;HP;2108;ATK;16;CRIT DMG%;5.0;ATK%;3.7;DEF;13
Circlet;6;Pale Flame;0.682608695652174;13.65217391304348;0.0;100;0.682608695652174;13.65217391304348;HP%;17.0;HP;239;Elemental Mastery;13;Energy Recharge%;5.2
Sands;6;Bloodstained Chivalry;0.36153846153846153;8.034188034188034;0.0;100;0.36153846153846153;8.034188034188034;ATK%;17.0;Energy Recharge%;4.7;DEF;19;HP;239
Goblet;2;Bloodstained Chivalry;1.3663591281282437;34.15897820320609;0.0;100;1.3663591281282437;34.15897820320609;Anemo DMG%;9.9;Elemental Mastery;19;Energy Recharge%;4.1;ATK%;3.7
Flower;2;Instructor;0.9305039787798408;23.26259946949602;0.0;100;0.9305039787798408;23.26259946949602;HP;1011;ATK%;3.3;Energy Recharge%;4.7
Sands;0;Pale Flame;0.3695652173913043;12.318840579710145;0.0;100;0.3695652173913043;12.318840579710145;ATK%;6.3;Elemental Mastery;17;DEF;15;HP;167
Flower;0;Pale Flame;0.7311036789297658;20.88867654085045;0.0;100;0.7311036789297658;20.88867654085045;HP;645;Energy Recharge%;4.7;Elemental Mastery;17;HP%;3.7
Goblet;0;Pale Flame;0.7471395881006865;21.346845374305328;0.0;100;0.7471395881006865;21.346845374305328;Pyro DMG%;6.3;HP%;3.3;Elemental Mastery;15;ATK;16
Flower;0;Tenacity of the Millelith;1.0025641025641026;28.644688644688642;0.0;100;1.0025641025641026;28.644688644688642;HP;645;CRIT DMG%;5.0;Energy Recharge%;4.7;DEF%;5.3
Circlet;0;Tenacity of the Millelith;0.7036613272311212;20.104609349460606;0.0;100;0.7036613272311212;20.104609349460606;Healing%;4.8;ATK;16;HP;191;Elemental Mastery;13
Circlet;0;Prayers to Springtime;0.0;0.0;0.0;100;0.0;0.0;ATK%;6.3;HP;215;DEF;15;DEF%;4.1
Circlet;0;Prayers for Illumination;1.163292847503374;38.77642825011247;0.0;100;1.163292847503374;38.77642825011247;ATK%;6.3;DEF;13;CRIT DMG%;6.2;ATK;14
Goblet;0;Bloodstained Chivalry;0.27692307692307694;7.912087912087913;0.0;100;0.27692307692307694;7.912087912087913;DEF%;7.9;Energy Recharge%;3.6;HP;215;HP%;4.2
Circlet;0;Noblesse Oblige;0.42105263157894735;12.030075187969924;0.0;100;0.42105263157894735;12.030075187969924;DEF%;7.9;HP%;4.7;HP;239;ATK;16
Plume;0;Thundering Fury;0.0;0.0;0.0;100;0.0;0.0;ATK;42;HP%;4.7;HP;215;DEF;15
Sands;0;Wanderer's Troupe;0.702517162471396;20.07191892775417;0.0;100;0.702517162471396;20.07191892775417;DEF%;7.9;Elemental Mastery;19;ATK;11;DEF;17
Flower;0;Wanderer's Troupe;0.5641025641025642;16.11721611721612;0.0;100;0.5641025641025642;16.11721611721612;HP;645;CRIT DMG%;4.4;DEF;19;HP%;4.2
Goblet;0;Wanderer's Troupe;0.9568151147098516;31.893837156995055;0.0;100;0.9568151147098516;31.893837156995055;ATK%;6.3;CRIT DMG%;5.0;HP;215;ATK;12
Goblet;0;Wanderer's Troupe;1.136431784107946;32.46947954594132;0.0;100;1.136431784107946;32.46947954594132;Physical DMG%;7.9;ATK%;4.7;DEF%;5.3;Elemental Mastery;15
Goblet;0;Blizzard Strayer;0.6414715719063545;21.382385730211816;0.0;100;0.6414715719063545;21.382385730211816;ATK%;6.3;Elemental Mastery;15;HP%;4.7;Energy Recharge%;4.1
Sands;0;The Exile;1.1309921962095875;32.31406274884536;0.0;100;1.1309921962095875;32.31406274884536;HP%;6.3;HP;191;Elemental Mastery;19;CRIT DMG%;5.6
Sands;0;The Exile;1.5259754738015607;43.59929925147316;0.0;100;1.5259754738015607;43.59929925147316;HP%;6.3;Energy Recharge%;4.7;Elemental Mastery;17;CRIT Rate%;3.1
Circlet;0;The Exile;0.7299595141700405;24.331983805668013;0.0;100;0.7299595141700405;24.331983805668013;CRIT DMG%;8.4;DEF;15;ATK;14;Energy Recharge%;4.7
Plume;0;The Exile;1.1102564102564103;31.721611721611726;0.0;100;1.1102564102564103;31.721611721611726;ATK;42;CRIT DMG%;6.2;Energy Recharge%;4.1;DEF;17
Plume;0;The Exile;0.5641025641025642;16.11721611721612;0.0;100;0.5641025641025642;16.11721611721612;ATK;42;CRIT Rate%;2.2;HP;167;HP%;4.2
Plume;0;The Exile;1.087267904509284;31.064797271693827;0.0;100;1.087267904509284;31.064797271693827;ATK;42;Energy Recharge%;3.6;DEF%;5.3;ATK%;4.7
Plume;0;The Exile;0.3153846153846154;9.010989010989011;0.0;100;0.3153846153846154;9.010989010989011;ATK;42;HP%;3.7;Energy Recharge%;4.1;DEF%;4.1
Sands;0;Martial Artist;0.9771460423634337;27.918458353240965;0.0;100;0.9771460423634337;27.918458353240965;DEF%;7.9;DEF;15;Elemental Mastery;19;CRIT Rate%;2.2
Plume;0;Martial Artist;0.3695652173913043;10.559006211180124;0.0;100;0.3695652173913043;10.559006211180124;ATK;42;Elemental Mastery;17;DEF;15;HP;191
Sands;0;Berserker;0.7948717948717949;22.71062271062271;0.0;100;0.7948717948717949;22.71062271062271;DEF%;7.9;HP;191;DEF;17;CRIT DMG%;6.2
Sands;0;Berserker;1.2798920377867748;36.568343936765;0.0;100;1.2798920377867748;36.568343936765;Elemental Mastery;25;CRIT DMG%;4.4;ATK;12;Energy Recharge%;5.2
Sands;0;Berserker;1.888574943297582;53.95928409421663;0.0;100;1.888574943297582;53.95928409421663;Energy Recharge%;7.0;Elemental Mastery;17;ATK%;4.2;CRIT DMG%;6.2
Flower;0;Berserker;0.36153846153846153;10.329670329670328;0.0;100;0.36153846153846153;10.329670329670328;HP;645;DEF%;5.3;DEF;13;Energy Recharge%;4.7
Flower;0;Berserker;1.0063520871143377;28.752916774695365;0.0;100;1.0063520871143377;28.752916774695365;HP;645;ATK%;3.7;ATK;14;DEF;19
Plume;0;Berserker;1.1371814092953523;32.490897408438634;0.0;100;1.1371814092953523;32.490897408438634;ATK;42;ATK%;4.2;Elemental Mastery;19;HP%;3.7
Goblet;0;Berserker;1.0136116152450092;28.960331864143118;0.0;100;1.0136116152450092;28.960331864143118;DEF%;7.9;ATK;11;ATK%;4.2;DEF;19
Sands;0;Brave Heart;0.0;0.0;0.0;100;0.0;0.0;Energy Recharge%;7.0;HP%;4.2;DEF;13;HP;167
Circlet;0;Defender's Will;0.0;0.0;0.0;100;0.0;0.0;ATK%;6.3;DEF%;4.7;HP;167
Flower;0;Pale Flame;1.044035674470457;29.829590699155915;0.0;100;1.044035674470457;29.829590699155915;HP;645;CRIT DMG%;5.6;Elemental Mastery;15
Flower;0;Pale Flame;0.42105263157894735;12.030075187969924;0.0;100;0.42105263157894735;12.030075187969924;HP;645;ATK;16;DEF;13
Flower;0;Pale Flame;1.4358974358974361;41.02564102564103;0.0;100;1.4358974358974361;41.02564102564103;HP;645;CRIT DMG%;6.2;CRIT Rate%;2.5
Circlet;0;Pale Flame;0.6379310344827587;18.226600985221676;0.0;100;0.6379310344827587;18.226600985221676;DEF%;7.9;ATK%;3.7;HP;191
Goblet;0;Pale Flame;0.3684210526315789;12.280701754385964;0.0;100;0.3684210526315789;12.280701754385964;ATK%;6.3;HP;191;ATK;14
Sands;0;Tenacity of the Millelith;0.6418764302059496;18.339326577312846;0.0;100;0.6418764302059496;18.339326577312846;Energy Recharge%;7.0;ATK;12;Elemental Mastery;15
Sands;0;Tenacity of the Millelith;0.0;0.0;0.0;100;0.0;0.0;Elemental Mastery;25;HP%;3.7
Sands;0;Tenacity of the Millelith;0.0;0.0;0.0;100;0.0;0.0;ATK%;6.3;HP%;4.7;HP;215
Flower;0;Tenacity of the Millelith;0.3695652173913043;10.559006211180124;0.0;100;0.3695652173913043;10.559006211180124;HP;645;HP%;4.7;Elemental Mastery;17
Circlet;0;Tenacity of the Millelith;0.6048582995951417;17.281665702718335;0.0;100;0.6048582995951417;17.281665702718335;DEF%;7.9;ATK;11;Energy Recharge%;4.1
Goblet;0;Tenacity of the Millelith;0.0;0.0;0.0;100;0.0;0.0;DEF%;7.9;DEF;19;HP;239
Goblet;0;Tenacity of the Millelith;0.9385307346326837;26.815163846648105;0.0;100;0.9385307346326837;26.815163846648105;DEF%;7.9;ATK%;3.3;Elemental Mastery;17
Goblet;0;Tenacity of the Millelith;1.451370468611848;41.46772767462423;0.0;100;1.451370468611848;41.46772767462423;Geo DMG%;6.3;CRIT DMG%;5.0;ATK%;4.7
Flower;0;Archaic Petra;0.7241379310344828;20.689655172413794;0.0;100;0.7241379310344828;20.689655172413794;HP;645;ATK%;4.2;DEF;15
Circlet;0;Prayers for Illumination;1.0863697705802968;36.21232568600989;0.0;100;1.0863697705802968;36.21232568600989;CRIT Rate%;4.2;CRIT DMG%;5.6;ATK;14
Circlet;0;Prayers for Illumination;0.0;0.0;0.0;100;0.0;0.0;HP%;6.3;HP;191
Flower;0;Bloodstained Chivalry;0.7745819397993311;22.130912565695173;0.0;100;0.7745819397993311;22.130912565695173;HP;645;Energy Recharge%;4.7;Elemental Mastery;19
Circlet;0;Bloodstained Chivalry;1.2099911582670204;34.5711759504863;0.0;100;1.2099911582670204;34.5711759504863;DEF%;7.9;ATK%;3.3;CRIT Rate%;2.5
Sands;0;Noblesse Oblige;0.4;11.428571428571429;0.0;100;0.4;11.428571428571429;DEF%;7.9;Energy Recharge%;5.2;HP;239
Circlet;0;Noblesse Oblige;0.717948717948718;20.51282051282051;0.0;100;0.717948717948718;20.51282051282051;Healing%;4.8;CRIT Rate%;2.8;DEF;17
Flower;0;Thundering Fury;0.27692307692307694;7.912087912087913;0.0;100;0.27692307692307694;7.912087912087913;HP;645;HP%;4.2;Energy Recharge%;3.6
Circlet;0;Wanderer's Troupe;0.5641025641025642;16.11721611721612;0.0;100;0.5641025641025642;16.11721611721612;Elemental Mastery;25;CRIT DMG%;4.4;DEF%;5.8
Sands;0;Viridescent Venerer;0.7948717948717949;26.495726495726498;0.0;100;0.7948717948717949;26.495726495726498;ATK%;6.3;CRIT DMG%;6.2
Sands;0;Viridescent Venerer;0.0;0.0;0.0;100;0.0;0.0;Elemental Mastery;25;DEF;17;HP;191
Plume;0;Viridescent Venerer;0.7948717948717949;22.71062271062271;0.0;100;0.7948717948717949;22.71062271062271;ATK;42;CRIT DMG%;6.2;DEF%;5.8
Plume;0;Viridescent Venerer;0.6379310344827587;18.226600985221676;0.0;100;0.6379310344827587;18.226600985221676;ATK;42;ATK%;3.7;HP;167
Sands;0;Gladiator's Finale;0.7471395881006865;21.346845374305328;0.0;100;0.7471395881006865;21.346845374305328;HP%;6.3;Elemental Mastery;15;ATK;16
Sands;0;Gladiator's Finale;0.3684210526315789;12.280701754385964;0.0;100;0.3684210526315789;12.280701754385964;ATK%;6.3;DEF%;5.3;ATK;14
Sands;0;Gladiator's Finale;0.0;0.0;0.0;100;0.0;0.0;DEF%;7.9;HP;239;DEF;13
Plume;0;Gladiator's Finale;0.0;0.0;0.0;100;0.0;0.0;ATK;42;HP%;3.7;DEF;13
Sands;0;Maiden Beloved;1.1102564102564103;37.00854700854701;0.0;100;1.1102564102564103;37.00854700854701;ATK%;6.3;CRIT DMG%;6.2;Energy Recharge%;4.1
Sands;0;Maiden Beloved;0.7157894736842105;23.859649122807017;0.0;100;0.7157894736842105;23.859649122807017;ATK%;6.3;ATK;12;Energy Recharge%;5.2
Flower;0;Maiden Beloved;0.42105263157894735;12.030075187969924;0.0;100;0.42105263157894735;12.030075187969924;HP;645;ATK;16;DEF;19
Circlet;0;Maiden Beloved;0.42105263157894735;12.030075187969924;0.0;100;0.42105263157894735;12.030075187969924;HP%;6.3;DEF;15;ATK;16
Plume;0;Maiden Beloved;0.8901895206243033;25.433986303551524;0.0;100;0.8901895206243033;25.433986303551524;ATK;42;Elemental Mastery;15;CRIT DMG%;4.4
Goblet;0;Maiden Beloved;0.0;0.0;0.0;100;0.0;0.0;Anemo DMG%;6.3;DEF;13;DEF%;5.8
Flower;0;Scholar;1.0620782726045883;30.345093502988234;0.0;100;1.0620782726045883;30.345093502988234;HP;645;ATK;16;CRIT DMG%;5.0
Circlet;0;Scholar;0.9641025641025642;27.545787545787547;0.0;100;0.9641025641025642;27.545787545787547;HP%;6.3;CRIT DMG%;4.4;Energy Recharge%;5.2
Sands;0;The Exile;0.7241379310344828;20.689655172413794;0.0;100;0.7241379310344828;20.689655172413794;HP%;6.3;DEF;17;ATK%;4.2
Sands;0;The Exile;0.6590389016018307;21.96796338672769;0.0;100;0.6590389016018307;21.96796338672769;ATK%;6.3;Elemental Mastery;17;ATK;11
Sands;0;The Exile;0.0;0.0;0.0;100;0.0;0.0;DEF%;7.9;HP;167
Flower;0;The Exile;0.2826086956521739;8.074534161490684;0.0;100;0.2826086956521739;8.074534161490684;HP;645;HP%;3.3;Elemental Mastery;13
Flower;0;The Exile;0.7906178489702517;22.58908139915005;0.0;100;0.7906178489702517;22.58908139915005;HP;645;Elemental Mastery;17;ATK;16
Flower;0;The Exile;0.3157894736842105;9.022556390977442;0.0;100;0.3157894736842105;9.022556390977442;HP;645;DEF;19;ATK;12
Circlet;0;The Exile;0.5641025641025642;16.11721611721612;0.0;100;0.5641025641025642;16.11721611721612;DEF%;7.9;CRIT DMG%;4.4;DEF;15
Circlet;0;The Exile;1.0774804905239688;35.916016350798955;0.0;100;1.0774804905239688;35.916016350798955;ATK%;6.3;CRIT Rate%;3.1;Elemental Mastery;13
Plume;0;The Exile;0.3153846153846154;9.010989010989011;0.0;100;0.3153846153846154;9.010989010989011;ATK;42;Energy Recharge%;4.1;HP%;4.7
Goblet;0;The Exile;0.7948717948717949;26.495726495726498;0.0;100;0.7948717948717949;26.495726495726498;ATK%;6.3;CRIT Rate%;3.1;HP;215
Goblet;0;Gambler;0.42105263157894735;12.030075187969924;0.0;100;0.42105263157894735;12.030075187969924;HP%;6.3;DEF%;5.3;ATK;16
Sands;0;Instructor;0.7948717948717949;22.71062271062271;0.0;100;0.7948717948717949;22.71062271062271;Energy Recharge%;7.0;DEF%;5.8;CRIT DMG%;6.2
Flower;0;Instructor;0.5641025641025642;16.11721611721612;0.0;100;0.5641025641025642;16.11721611721612;HP;645;DEF;15;CRIT DMG%;4.4
Flower;0;Instructor;0.3684210526315789;10.526315789473683;0.0;100;0.3684210526315789;10.526315789473683;HP;645;HP%;3.3;ATK;14
Plume;0;Instructor;0.6379310344827587;18.226600985221676;0.0;100;0.6379310344827587;18.226600985221676;ATK;42;HP;167;ATK%;3.7
Sands;0;Martial Artist;0.0;0.0;0.0;100;0.0;0.0;Energy Recharge%;7.0;DEF%;5.8;HP%;3.3
Sands;0;Martial Artist;0.3157894736842105;9.022556390977442;0.0;100;0.3157894736842105;9.022556390977442;HP%;6.3;ATK;12;DEF%;4.7
Circlet;0;Martial Artist;1.0540691192865106;30.116260551043162;0.0;100;1.0540691192865106;30.116260551043162;DEF%;7.9;CRIT Rate%;2.5;Elemental Mastery;19
Goblet;0;Martial Artist;0.0;0.0;0.0;100;0.0;0.0;Anemo DMG%;6.3;HP;239;DEF;13
Sands;0;Berserker;0.42105263157894735;12.030075187969924;0.0;100;0.42105263157894735;12.030075187969924;HP%;6.3;DEF;19;ATK;16
Sands;0;Berserker;0.0;0.0;0.0;100;0.0;0.0;Energy Recharge%;7.0;DEF;13;HP%;3.3
Sands;0;Berserker;0.2826086956521739;9.420289855072463;0.0;100;0.2826086956521739;9.420289855072463;ATK%;6.3;Elemental Mastery;13;DEF;19
Sands;0;Berserker;0.2826086956521739;8.074534161490684;0.0;100;0.2826086956521739;8.074534161490684;HP%;6.3;Elemental Mastery;13;DEF;17
Flower;0;Berserker;1.0774804905239688;30.785156872113394;0.0;100;1.0774804905239688;30.785156872113394;HP;645;Elemental Mastery;13;CRIT DMG%;6.2
Plume;0;Berserker;0.0;0.0;0.0;100;0.0;0.0;ATK;42;HP%;3.3;DEF%;5.8
Goblet;0;Berserker;0.5641025641025642;16.11721611721612;0.0;100;0.5641025641025642;16.11721611721612;DEF%;7.9;HP;215;CRIT Rate%;2.2
Goblet;0;Berserker;0.3684210526315789;12.280701754385964;0.0;100;0.3684210526315789;12.280701754385964;ATK%;6.3;DEF;15;ATK;14
Goblet;0;Tiny Miracle;0.6899665551839465;19.713330148112757;0.0;100;0.6899665551839465;19.713330148112757;Hydro DMG%;6.3;Energy Recharge%;3.6;Elemental Mastery;19
Goblet;0;Tiny Miracle;0.42105263157894735;14.035087719298245;0.0;100;0.42105263157894735;14.035087719298245;ATK%;6.3;DEF;13;ATK;16
Circlet;0;Defender's Will;0.3157894736842105;10.526315789473683;0.0;100;0.3157894736842105;10.526315789473683;ATK%;6.3;HP%;3.7;ATK;12
Flower;0;Brave Heart;0.0;0.0;0.0;100;0.0;0.0;HP;645;DEF;17;HP%;4.7
Flower;0;Brave Heart;1.0998185117967334;31.42338605133524;0.0;100;1.0998185117967334;31.42338605133524;HP;645;ATK;11;ATK%;4.7
Goblet;0;Brave Heart;1.0395225464190982;29.700644183402808;0.0;100;1.0395225464190982;29.700644183402808;HP%;6.3;Energy Recharge%;4.1;ATK%;4.2
Flower;0;Resolution of Sojourner;1.0105908584169454;28.87402452619844;0.0;100;1.0105908584169454;28.87402452619844;HP;645;CRIT Rate%;2.5;Elemental Mastery;17
Goblet;12;Berserker;2.256294929458348;34.71222968397459;0.0;100;2.256294929458348;34.71222968397459;Physical DMG%;28.8;CRIT DMG%;4.2;CRIT Rate%;3.7;Elemental Mastery;10;ATK%;3.2
Sands;11;Berserker;0.21739130434782608;3.780718336483932;0.0;100;0.21739130434782608;3.780718336483932;ATK%;21.6;Elemental Mastery;10;HP;143
Flower;4;Berserker;0.603448275862069;13.409961685823754;0.0;100;0.603448275862069;13.409961685823754;HP;918;DEF;10;ATK%;3.5
Circlet;3;Berserker;0.4310344827586207;11.49425287356322;0.0;100;0.4310344827586207;11.49425287356322;CRIT Rate%;6.5;ATK%;2.5
Goblet;3;Berserker;0.23846153846153847;6.3589743589743595;0.0;100;0.23846153846153847;6.3589743589743595;ATK%;9.7;Energy Recharge%;3.1
Flower;0;The Exile;0.3;8.571428571428571;0.0;100;0.3;8.571428571428571;HP;430;Energy Recharge%;3.9
Circlet;0;The Exile;0.3;8.571428571428571;0.0;100;0.3;8.571428571428571;Elemental Mastery;21;Energy Recharge%;3.9;DEF%;3.9
Flower;0;Instructor;0.3;8.571428571428571;0.0;100;0.3;8.571428571428571;HP;430;Energy Recharge%;3.9
Goblet;0;Martial Artist;0.2692307692307692;8.974358974358974;0.0;100;0.2692307692307692;8.974358974358974;ATK%;0.2;HP;100;Energy Recharge%;3.5
Goblet;0;Martial Artist;0.7519893899204244;21.485411140583555;0.0;100;0.7519893899204244;21.485411140583555;Electro DMG%;0.2;ATK%;2.8;Energy Recharge%;3.5
Goblet;0;Martial Artist;0.0;0.0;0.0;100;0.0;0.0;ATK%;0.2;HP%;3.5;DEF;10
Sands;0;Berserker;0.6025641025641026;17.21611721611722;0.0;100;0.6025641025641026;17.21611721611722;Elemental Mastery;21;DEF%;3.1;CRIT DMG%;4.7
Sands;0;Berserker;0.0;0.0;0.0;100;0.0;0.0;HP%;0.2;HP;129
Flower;0;Berserker;0.2391304347826087;6.832298136645963;0.0;100;0.2391304347826087;6.832298136645963;HP;430;Elemental Mastery;11
Flower;0;Berserker;0.2076923076923077;5.934065934065934;0.0;100;0.2076923076923077;5.934065934065934;HP;430;Energy Recharge%;2.7
Circlet;0;Berserker;0.2692307692307692;7.692307692307692;0.0;100;0.2692307692307692;7.692307692307692;DEF%;6.6;Energy Recharge%;3.5
Circlet;0;Berserker;0.3;8.571428571428571;0.0;100;0.3;8.571428571428571;DEF%;6.6;Energy Recharge%;3.9;HP%;2.8
Circlet;0;Berserker;0.48275862068965514;16.091954022988507;0.0;100;0.48275862068965514;16.091954022988507;CRIT DMG%;7.0;ATK%;2.8
Plume;0;Berserker;0.3;8.571428571428571;0.0;100;0.3;8.571428571428571;ATK;28;HP;143;Energy Recharge%;3.9
Plume;0;Berserker;0.7569676700111483;21.627647714604237;0.0;100;0.7569676700111483;21.627647714604237;ATK;28;CRIT DMG%;3.7;Elemental Mastery;13
Plume;0;Berserker;0.48275862068965514;13.793103448275861;0.0;100;0.48275862068965514;13.793103448275861;ATK;28;ATK%;2.8
